dim_sale_id,dim_date_id,dim_location_id,dim_track_id,unit_price,quantity
1712,316,1,3438,0.99,1
1711,316,1,3436,0.99,1
1783,327,1,379,0.99,1
1779,327,1,343,0.99,1
1773,327,1,289,0.99,1
1781,327,1,361,0.99,1
1772,327,1,280,0.99,1
1776,327,1,316,0.99,1
1777,327,1,325,0.99,1
1775,327,1,307,0.99,1
1782,327,1,370,0.99,1
1778,327,1,334,0.99,1
1771,327,1,271,0.99,1
1770,327,1,262,0.99,1
1780,327,1,352,0.99,1
1774,327,1,298,0.99,1
531,98,1,3247,1.99,1
532,98,1,3248,1.99,1
652,121,1,453,0.99,1
651,121,1,451,0.99,1
649,121,1,447,0.99,1
650,121,1,449,0.99,1
2284,382,1,861,1.98,2
2067,382,1,2073,0.99,1
2066,382,1,2067,0.99,1
2072,382,1,2103,0.99,1
2073,382,1,2109,0.99,1
2071,382,1,2097,0.99,1
2299,382,1,2624,1.98,2
2070,382,1,2091,0.99,1
2069,382,1,2085,0.99,1
2065,382,1,2061,0.99,1
2068,382,1,2079,0.99,1
767,143,1,1153,0.99,1
772,143,1,1173,0.99,1
771,143,1,1169,0.99,1
770,143,1,1165,0.99,1
769,143,1,1161,0.99,1
768,143,1,1157,0.99,1
2294,195,1,2019,1.98,2
1062,195,1,2991,0.99,1
2,1,2,4,0.99,1
1,1,2,2,0.99,1
60,12,2,331,0.99,1
61,12,2,340,0.99,1
68,12,2,403,0.99,1
72,12,2,439,0.99,1
62,12,2,349,0.99,1
66,12,2,385,0.99,1
70,12,2,421,0.99,1
2250,12,2,1352,0.99,1
65,12,2,376,0.99,1
63,12,2,358,0.99,1
69,12,2,412,0.99,1
71,12,2,430,0.99,1
64,12,2,367,0.99,1
67,12,2,394,0.99,1
73,12,2,448,0.99,1
2288,293,2,3188,0.99,1
1594,293,2,2736,0.99,1
360,67,2,2160,0.99,1
359,67,2,2154,0.99,1
358,67,2,2148,0.99,1
357,67,2,2142,0.99,1
361,67,2,2166,0.99,1
362,67,2,2172,0.99,1
356,67,2,2136,0.99,1
355,67,2,2130,0.99,1
363,67,2,2178,0.99,1
1064,196,2,2993,0.99,1
1063,196,2,2992,0.99,1
1181,219,2,192,0.99,1
1184,219,2,198,0.99,1
1183,219,2,196,0.99,1
1182,219,2,194,0.99,1
1303,241,2,914,0.99,1
1301,241,2,906,0.99,1
1299,241,2,898,0.99,1
1302,241,2,910,0.99,1
1300,241,2,902,0.99,1
1304,241,2,918,0.99,1
1595,294,3,2737,0.99,1
1596,294,3,2738,0.99,1
1713,317,3,3440,0.99,1
1714,317,3,3442,0.99,1
1715,317,3,3444,0.99,1
1716,317,3,3446,0.99,1
1834,339,3,655,0.99,1
1835,339,3,659,0.99,1
1831,339,3,643,0.99,1
1833,339,3,651,0.99,1
1836,339,3,663,0.99,1
1832,339,3,647,0.99,1
533,99,3,3250,1.99,1
534,99,3,3252,1.99,1
602,110,3,166,0.99,1
603,110,3,175,0.99,1
594,110,3,94,0.99,1
597,110,3,121,0.99,1
600,110,3,148,0.99,1
595,110,3,103,0.99,1
605,110,3,193,0.99,1
593,110,3,85,0.99,1
601,110,3,157,0.99,1
592,110,3,76,0.99,1
599,110,3,139,0.99,1
2255,110,3,1610,1.98,2
604,110,3,184,0.99,1
598,110,3,130,0.99,1
596,110,3,112,0.99,1
2126,391,3,2481,0.99,1
891,165,3,1899,0.99,1
894,165,3,1917,0.99,1
887,165,3,1875,0.99,1
893,165,3,1911,0.99,1
895,165,3,1923,0.99,1
888,165,3,1881,0.99,1
889,165,3,1887,0.99,1
892,165,3,1905,0.99,1
890,165,3,1893,0.99,1
5,2,4,10,0.99,1
3,2,4,6,0.99,1
4,2,4,8,0.99,1
2258,2,4,1331,0.99,1
6,2,4,12,0.99,1
1426,263,4,1662,0.99,1
1420,263,4,1626,0.99,1
1421,263,4,1632,0.99,1
1424,263,4,1650,0.99,1
1422,263,4,1638,0.99,1
1419,263,4,1620,0.99,1
1425,263,4,1656,0.99,1
1423,263,4,1644,0.99,1
1427,263,4,1668,0.99,1
125,24,4,728,0.99,1
123,24,4,720,0.99,1
126,24,4,732,0.99,1
122,24,4,716,0.99,1
124,24,4,724,0.99,1
121,24,4,712,0.99,1
416,76,4,2550,0.99,1
2127,392,4,2482,0.99,1
2128,392,4,2483,0.99,1
1065,197,4,2995,0.99,1
1066,197,4,2997,0.99,1
1130,208,4,3378,0.99,1
1133,208,4,3405,0.99,1
1124,208,4,3324,0.99,1
1137,208,4,3441,0.99,1
1129,208,4,3369,0.99,1
1135,208,4,3423,0.99,1
1128,208,4,3360,1.99,1
1127,208,4,3351,0.99,1
1125,208,4,3333,0.99,1
1132,208,4,3396,0.99,1
1131,208,4,3387,0.99,1
1134,208,4,3414,0.99,1
1136,208,4,3432,0.99,1
1126,208,4,3342,1.99,1
2272,295,5,2354,0.99,1
1598,295,5,2742,0.99,1
1597,295,5,2740,0.99,1
1661,306,5,3114,0.99,1
1663,306,5,3132,0.99,1
1669,306,5,3186,1.99,1
1659,306,5,3096,0.99,1
1668,306,5,3177,1.99,1
1657,306,5,3078,0.99,1
1660,306,5,3105,0.99,1
1656,306,5,3069,0.99,1
1664,306,5,3141,0.99,1
1666,306,5,3159,0.99,1
1658,306,5,3087,0.99,1
1662,306,5,3123,0.99,1
2276,306,5,1873,0.99,1
1667,306,5,3168,1.99,1
1665,306,5,3150,0.99,1
417,77,5,2551,0.99,1
418,77,5,2552,0.99,1
537,100,5,3258,0.99,1
538,100,5,3260,0.99,1
536,100,5,3256,0.99,1
535,100,5,3254,0.99,1
1955,361,5,1389,0.99,1
1952,361,5,1371,0.99,1
1951,361,5,1365,0.99,1
1956,361,5,1395,0.99,1
1959,361,5,1413,0.99,1
1953,361,5,1377,0.99,1
1957,361,5,1401,0.99,1
1958,361,5,1407,0.99,1
1954,361,5,1383,0.99,1
656,122,5,469,0.99,1
654,122,5,461,0.99,1
657,122,5,473,0.99,1
658,122,5,477,0.99,1
653,122,5,457,0.99,1
655,122,5,465,0.99,1
948,174,5,2295,0.99,1
1480,272,6,2040,0.99,1
246,46,6,1464,0.99,1
244,46,6,1452,0.99,1
243,46,6,1446,0.99,1
242,46,6,1440,0.99,1
249,46,6,1482,0.99,1
247,46,6,1470,0.99,1
241,46,6,1434,0.99,1
245,46,6,1458,0.99,1
248,46,6,1476,0.99,1
2130,393,6,2487,0.99,1
2129,393,6,2485,0.99,1
2197,404,6,2895,1.99,1
2200,404,6,2922,1.99,1
2199,404,6,2913,1.99,1
2189,404,6,2823,1.99,1
2192,404,6,2850,1.99,1
2193,404,6,2859,1.99,1
2196,404,6,2886,1.99,1
2195,404,6,2877,1.99,1
2198,404,6,2904,1.99,1
2191,404,6,2841,1.99,1
2190,404,6,2832,1.99,1
2188,404,6,2814,0.99,1
2201,404,6,2931,0.99,1
2194,404,6,2868,1.99,1
949,175,6,2296,0.99,1
950,175,6,2297,0.99,1
1069,198,6,3003,0.99,1
1068,198,6,3001,0.99,1
1067,198,6,2999,0.99,1
1070,198,6,3005,0.99,1
1185,220,6,202,0.99,1
1190,220,6,222,0.99,1
1188,220,6,214,0.99,1
1186,220,6,206,0.99,1
1187,220,6,210,0.99,1
1189,220,6,218,0.99,1
1481,273,7,2041,0.99,1
1482,273,7,2042,0.99,1
1602,296,7,2750,0.99,1
1601,296,7,2748,0.99,1
1599,296,7,2744,0.99,1
1600,296,7,2746,0.99,1
1721,318,7,3466,0.99,1
1718,318,7,3454,0.99,1
1717,318,7,3450,0.99,1
1720,318,7,3462,0.99,1
1719,318,7,3458,0.99,1
1722,318,7,3470,0.99,1
420,78,7,2556,0.99,1
419,78,7,2554,0.99,1
490,89,7,2991,0.99,1
482,89,7,2919,1.99,1
483,89,7,2928,0.99,1
489,89,7,2982,0.99,1
481,89,7,2910,1.99,1
485,89,7,2946,0.99,1
480,89,7,2901,1.99,1
488,89,7,2973,0.99,1
491,89,7,3000,0.99,1
484,89,7,2937,0.99,1
479,89,7,2892,1.99,1
487,89,7,2964,0.99,1
478,89,7,2883,1.99,1
486,89,7,2955,0.99,1
2012,370,7,1785,0.99,1
776,144,7,1197,0.99,1
774,144,7,1185,0.99,1
773,144,7,1179,0.99,1
781,144,7,1227,0.99,1
777,144,7,1203,0.99,1
775,144,7,1191,0.99,1
779,144,7,1215,0.99,1
778,144,7,1209,0.99,1
780,144,7,1221,0.99,1
9,3,8,24,0.99,1
11,3,8,32,0.99,1
8,3,8,20,0.99,1
7,3,8,16,0.99,1
10,3,8,28,0.99,1
12,3,8,36,0.99,1
302,55,8,1854,0.99,1
2014,371,8,1787,0.99,1
2013,371,8,1786,0.99,1
2131,394,8,2489,0.99,1
2134,394,8,2495,0.99,1
2132,394,8,2491,0.99,1
2133,394,8,2493,0.99,1
952,176,8,2301,0.99,1
951,176,8,2299,0.99,1
1020,187,8,2718,0.99,1
1019,187,8,2709,0.99,1
1014,187,8,2664,0.99,1
1023,187,8,2745,0.99,1
1022,187,8,2736,0.99,1
1015,187,8,2673,0.99,1
1018,187,8,2700,0.99,1
1012,187,8,2646,0.99,1
1016,187,8,2682,0.99,1
1017,187,8,2691,0.99,1
1011,187,8,2637,0.99,1
1013,187,8,2655,0.99,1
1021,187,8,2727,0.99,1
1010,187,8,2628,0.99,1
1308,242,8,942,0.99,1
1305,242,8,924,0.99,1
1311,242,8,960,0.99,1
1312,242,8,966,0.99,1
1307,242,8,936,0.99,1
1313,242,8,972,0.99,1
1310,242,8,954,0.99,1
1306,242,8,930,0.99,1
1309,242,8,948,0.99,1
1483,274,9,2044,0.99,1
1484,274,9,2046,0.99,1
1544,285,9,2391,0.99,1
1548,285,9,2427,0.99,1
1547,285,9,2418,0.99,1
1542,285,9,2373,0.99,1
1550,285,9,2445,0.99,1
1546,285,9,2409,0.99,1
1554,285,9,2481,0.99,1
1549,285,9,2436,0.99,1
1552,285,9,2463,0.99,1
1545,285,9,2400,0.99,1
1555,285,9,2490,0.99,1
1553,285,9,2472,0.99,1
1543,285,9,2382,0.99,1
1551,285,9,2454,0.99,1
303,56,9,1855,0.99,1
304,56,9,1856,0.99,1
421,79,9,2558,0.99,1
423,79,9,2562,0.99,1
422,79,9,2560,0.99,1
424,79,9,2564,0.99,1
1842,340,9,699,0.99,1
1844,340,9,711,0.99,1
1838,340,9,675,0.99,1
1839,340,9,681,0.99,1
1843,340,9,705,0.99,1
1837,340,9,669,0.99,1
1840,340,9,687,0.99,1
1845,340,9,717,0.99,1
1841,340,9,693,0.99,1
540,101,9,3268,0.99,1
539,101,9,3264,0.99,1
542,101,9,3276,0.99,1
544,101,9,3284,0.99,1
543,101,9,3280,0.99,1
541,101,9,3272,0.99,1
834,153,9,1599,0.99,1
134,25,10,780,0.99,1
128,25,10,744,0.99,1
130,25,10,756,0.99,1
135,25,10,786,0.99,1
131,25,10,762,0.99,1
132,25,10,768,0.99,1
129,25,10,750,0.99,1
2253,25,10,2051,0.99,1
133,25,10,774,0.99,1
127,25,10,738,0.99,1
2015,372,10,1789,0.99,1
2016,372,10,1791,0.99,1
2082,383,10,2190,0.99,1
2085,383,10,2217,0.99,1
2079,383,10,2163,0.99,1
2081,383,10,2181,0.99,1
2078,383,10,2154,0.99,1
2076,383,10,2136,0.99,1
2086,383,10,2226,0.99,1
2077,383,10,2145,0.99,1
2075,383,10,2127,0.99,1
2084,383,10,2208,0.99,1
2083,383,10,2199,0.99,1
2074,383,10,2118,0.99,1
2080,383,10,2172,0.99,1
2087,383,10,2235,0.99,1
836,154,10,1601,0.99,1
835,154,10,1600,0.99,1
2295,154,10,1662,0.99,1
954,177,10,2305,0.99,1
953,177,10,2303,0.99,1
956,177,10,2309,0.99,1
955,177,10,2307,0.99,1
1076,199,10,3029,0.99,1
1071,199,10,3009,0.99,1
1073,199,10,3017,0.99,1
1075,199,10,3025,0.99,1
1074,199,10,3021,0.99,1
1072,199,10,3013,0.99,1
1366,251,10,1344,0.99,1
1485,275,11,2048,0.99,1
1486,275,11,2050,0.99,1
1487,275,11,2052,0.99,1
1488,275,11,2054,0.99,1
1608,297,11,2774,0.99,1
1603,297,11,2754,0.99,1
1604,297,11,2758,0.99,1
1606,297,11,2766,0.99,1
1607,297,11,2770,0.99,1
1605,297,11,2762,0.99,1
305,57,11,1858,0.99,1
306,57,11,1860,0.99,1
376,68,11,2295,0.99,1
373,68,11,2268,0.99,1
369,68,11,2232,0.99,1
374,68,11,2277,0.99,1
372,68,11,2259,0.99,1
366,68,11,2205,0.99,1
375,68,11,2286,0.99,1
368,68,11,2223,0.99,1
371,68,11,2250,0.99,1
367,68,11,2214,0.99,1
377,68,11,2304,0.99,1
364,68,11,2187,0.99,1
370,68,11,2241,0.99,1
365,68,11,2196,0.99,1
1898,349,11,1089,0.99,1
660,123,11,489,0.99,1
664,123,11,513,0.99,1
661,123,11,495,0.99,1
667,123,11,531,0.99,1
663,123,11,507,0.99,1
659,123,11,483,0.99,1
662,123,11,501,0.99,1
666,123,11,525,0.99,1
665,123,11,519,0.99,1
1367,252,11,1345,0.99,1
1368,252,11,1346,0.99,1
2320,34,12,3543,0.99,1
2320,34,12,3543,0.99,1
188,34,12,1158,0.99,1
1900,350,12,1091,0.99,1
2260,350,12,3597,0.99,1
1899,350,12,1090,0.99,1
2260,350,12,3597,0.99,1
2018,373,12,1795,0.99,1
2019,373,12,1797,0.99,1
2020,373,12,1799,0.99,1
2017,373,12,1793,0.99,1
2136,395,12,2503,0.99,1
2137,395,12,2507,0.99,1
2138,395,12,2511,0.99,1
2135,395,12,2499,0.99,1
2140,395,12,2519,0.99,1
2139,395,12,2515,0.99,1
838,155,12,1605,0.99,1
837,155,12,1603,0.99,1
898,166,12,1950,0.99,1
897,166,12,1941,0.99,1
906,166,12,2022,0.99,1
903,166,12,1995,0.99,1
902,166,12,1986,0.99,1
907,166,12,2031,0.99,1
900,166,12,1968,0.99,1
896,166,12,1932,0.99,1
904,166,12,2004,0.99,1
908,166,12,2040,0.99,1
905,166,12,2013,0.99,1
909,166,12,2049,0.99,1
899,166,12,1959,0.99,1
901,166,12,1977,0.99,1
1197,221,12,264,0.99,1
1192,221,12,234,0.99,1
1195,221,12,252,0.99,1
1193,221,12,240,0.99,1
1199,221,12,276,0.99,1
1196,221,12,258,0.99,1
1198,221,12,270,0.99,1
1194,221,12,246,0.99,1
1191,221,12,228,0.99,1
1439,264,13,1776,0.99,1
1440,264,13,1785,0.99,1
1429,264,13,1686,0.99,1
1430,264,13,1695,0.99,1
1433,264,13,1722,0.99,1
1441,264,13,1794,0.99,1
1435,264,13,1740,0.99,1
1431,264,13,1704,0.99,1
1437,264,13,1758,0.99,1
1428,264,13,1677,0.99,1
1432,264,13,1713,0.99,1
1436,264,13,1749,0.99,1
1438,264,13,1767,0.99,1
1434,264,13,1731,0.99,1
189,35,13,1159,0.99,1
2271,35,13,3709,0.99,1
190,35,13,1160,0.99,1
2271,35,13,3709,0.99,1
308,58,13,1864,0.99,1
310,58,13,1868,0.99,1
309,58,13,1866,0.99,1
307,58,13,1862,0.99,1
1727,319,13,3500,0.99,1
1730,319,13,15,0.99,1
1729,319,13,9,0.99,1
1731,319,13,21,0.99,1
1726,319,13,3494,0.99,1
1725,319,13,3488,0.99,1
1728,319,13,3,0.99,1
1723,319,13,3476,0.99,1
1724,319,13,3482,0.99,1
428,80,13,2580,0.99,1
427,80,13,2576,0.99,1
426,80,13,2572,0.99,1
425,80,13,2568,0.99,1
430,80,13,2588,0.99,1
429,80,13,2584,0.99,1
720,132,13,903,0.99,1
1370,253,13,1350,0.99,1
1369,253,13,1348,0.99,1
14,4,14,48,0.99,1
19,4,14,78,0.99,1
15,4,14,54,0.99,1
18,4,14,72,0.99,1
17,4,14,66,0.99,1
20,4,14,84,0.99,1
16,4,14,60,0.99,1
21,4,14,90,0.99,1
13,4,14,42,0.99,1
1901,351,14,1093,0.99,1
1902,351,14,1095,0.99,1
1961,362,14,1431,0.99,1
1966,362,14,1476,0.99,1
1971,362,14,1521,0.99,1
1962,362,14,1440,0.99,1
1965,362,14,1467,0.99,1
1963,362,14,1449,0.99,1
1964,362,14,1458,0.99,1
1968,362,14,1494,0.99,1
1970,362,14,1512,0.99,1
1973,362,14,1539,0.99,1
1969,362,14,1503,0.99,1
1972,362,14,1530,0.99,1
1967,362,14,1485,0.99,1
1960,362,14,1422,0.99,1
721,133,14,904,0.99,1
722,133,14,905,0.99,1
2282,133,14,1043,0.99,1
842,156,14,1613,0.99,1
839,156,14,1607,0.99,1
841,156,14,1611,0.99,1
840,156,14,1609,0.99,1
957,178,14,2313,0.99,1
962,178,14,2333,0.99,1
959,178,14,2321,0.99,1
958,178,14,2317,0.99,1
961,178,14,2329,0.99,1
960,178,14,2325,0.99,1
1252,230,14,648,0.99,1
1493,276,15,2074,0.99,1
1494,276,15,2078,0.99,1
1491,276,15,2066,0.99,1
1492,276,15,2070,0.99,1
1490,276,15,2062,0.99,1
1489,276,15,2058,0.99,1
192,36,15,1164,0.99,1
191,36,15,1162,0.99,1
252,47,15,1509,0.99,1
254,47,15,1527,0.99,1
261,47,15,1590,0.99,1
262,47,15,1599,0.99,1
253,47,15,1518,0.99,1
263,47,15,1608,0.99,1
256,47,15,1545,0.99,1
255,47,15,1536,0.99,1
257,47,15,1554,0.99,1
259,47,15,1572,0.99,1
251,47,15,1500,0.99,1
258,47,15,1563,0.99,1
250,47,15,1491,0.99,1
260,47,15,1581,0.99,1
1784,328,15,393,0.99,1
547,102,15,3302,0.99,1
545,102,15,3290,0.99,1
552,102,15,3332,0.99,1
551,102,15,3326,0.99,1
548,102,15,3308,0.99,1
550,102,15,3320,0.99,1
549,102,15,3314,0.99,1
546,102,15,3296,0.99,1
553,102,15,3338,1.99,1
1254,231,15,650,0.99,1
1253,231,15,649,0.99,1
1372,254,15,1354,0.99,1
1374,254,15,1358,0.99,1
1371,254,15,1352,0.99,1
1373,254,15,1356,0.99,1
74,13,16,462,0.99,1
1785,329,16,394,0.99,1
1786,329,16,395,0.99,1
1904,352,16,1099,0.99,1
1903,352,16,1097,0.99,1
1905,352,16,1101,0.99,1
1906,352,16,1103,0.99,1
2024,374,16,1815,0.99,1
2022,374,16,1807,0.99,1
2025,374,16,1819,0.99,1
2021,374,16,1803,0.99,1
2023,374,16,1811,0.99,1
2026,374,16,1823,0.99,1
724,134,16,909,0.99,1
723,134,16,907,0.99,1
790,145,16,1308,0.99,1
783,145,16,1245,0.99,1
793,145,16,1335,0.99,1
795,145,16,1353,0.99,1
782,145,16,1236,0.99,1
794,145,16,1344,0.99,1
789,145,16,1299,0.99,1
787,145,16,1281,0.99,1
784,145,16,1254,0.99,1
792,145,16,1326,0.99,1
785,145,16,1263,0.99,1
786,145,16,1272,0.99,1
791,145,16,1317,0.99,1
788,145,16,1290,0.99,1
1083,200,16,3071,0.99,1
1082,200,16,3065,0.99,1
1085,200,16,3083,0.99,1
1080,200,16,3053,0.99,1
1084,200,16,3077,0.99,1
1078,200,16,3041,0.99,1
1077,200,16,3035,0.99,1
1081,200,16,3059,0.99,1
1079,200,16,3047,0.99,1
76,14,17,464,0.99,1
75,14,17,463,0.99,1
193,37,17,1166,0.99,1
194,37,17,1168,0.99,1
196,37,17,1172,0.99,1
195,37,17,1170,0.99,1
1610,298,17,2786,0.99,1
1616,298,17,2822,1.99,1
1611,298,17,2792,0.99,1
1613,298,17,2804,0.99,1
1615,298,17,2816,0.99,1
1609,298,17,2780,0.99,1
1614,298,17,2810,0.99,1
1617,298,17,2828,1.99,1
1612,298,17,2798,0.99,1
314,59,17,1884,0.99,1
316,59,17,1892,0.99,1
313,59,17,1880,0.99,1
315,59,17,1888,0.99,1
311,59,17,1872,0.99,1
312,59,17,1876,0.99,1
606,111,17,207,0.99,1
1256,232,17,654,0.99,1
1255,232,17,652,0.99,1
1317,243,17,1008,0.99,1
1322,243,17,1053,0.99,1
1325,243,17,1080,0.99,1
1315,243,17,990,0.99,1
2273,243,17,3534,1.98,2
1326,243,17,1089,0.99,1
2273,243,17,3534,1.98,2
1319,243,17,1026,0.99,1
1316,243,17,999,0.99,1
1324,243,17,1071,0.99,1
1314,243,17,981,0.99,1
1323,243,17,1062,0.99,1
1318,243,17,1017,0.99,1
1321,243,17,1044,0.99,1
1327,243,17,1098,0.99,1
1320,243,17,1035,0.99,1
1788,330,18,399,0.99,1
1787,330,18,397,0.99,1
1850,341,18,762,0.99,1
1847,341,18,735,0.99,1
1857,341,18,825,0.99,1
1856,341,18,816,0.99,1
1859,341,18,843,0.99,1
1858,341,18,834,0.99,1
1848,341,18,744,0.99,1
1846,341,18,726,0.99,1
1852,341,18,780,0.99,1
1855,341,18,807,0.99,1
1854,341,18,798,0.99,1
1851,341,18,771,0.99,1
1853,341,18,789,0.99,1
1849,341,18,753,0.99,1
608,112,18,209,0.99,1
607,112,18,208,0.99,1
727,135,18,915,0.99,1
728,135,18,917,0.99,1
725,135,18,911,0.99,1
726,135,18,913,0.99,1
2145,396,18,2549,0.99,1
2148,396,18,2567,0.99,1
2144,396,18,2543,0.99,1
2142,396,18,2531,0.99,1
2146,396,18,2555,0.99,1
2147,396,18,2561,0.99,1
2141,396,18,2525,0.99,1
2143,396,18,2537,0.99,1
2149,396,18,2573,0.99,1
2315,157,18,884,0.99,1
843,157,18,1617,0.99,1
847,157,18,1633,0.99,1
846,157,18,1629,0.99,1
845,157,18,1625,0.99,1
844,157,18,1621,0.99,1
848,157,18,1637,0.99,1
1138,209,18,3455,0.99,1
77,15,19,466,0.99,1
78,15,19,468,0.99,1
143,26,19,858,0.99,1
141,26,19,840,0.99,1
144,26,19,867,0.99,1
142,26,19,849,0.99,1
136,26,19,795,0.99,1
137,26,19,804,0.99,1
146,26,19,885,0.99,1
148,26,19,903,0.99,1
138,26,19,813,0.99,1
139,26,19,822,0.99,1
147,26,19,894,0.99,1
140,26,19,831,0.99,1
145,26,19,876,0.99,1
149,26,19,912,0.99,1
1670,307,19,3200,1.99,1
435,81,19,2618,0.99,1
437,81,19,2630,0.99,1
433,81,19,2606,0.99,1
436,81,19,2624,0.99,1
439,81,19,2642,0.99,1
438,81,19,2636,0.99,1
434,81,19,2612,0.99,1
432,81,19,2600,0.99,1
2245,81,19,3452,1.98,2
431,81,19,2594,0.99,1
1140,210,19,3457,0.99,1
1139,210,19,3456,0.99,1
1258,233,19,658,0.99,1
1257,233,19,656,0.99,1
1259,233,19,660,0.99,1
1260,233,19,662,0.99,1
1376,255,19,1366,0.99,1
1375,255,19,1362,0.99,1
1377,255,19,1370,0.99,1
1380,255,19,1382,0.99,1
1378,255,19,1374,0.99,1
1379,255,19,1378,0.99,1
2279,308,20,874,0.99,1
1672,308,20,3202,1.99,1
1671,308,20,3201,1.99,1
1790,331,20,403,0.99,1
1789,331,20,401,0.99,1
1792,331,20,407,0.99,1
1791,331,20,405,0.99,1
1910,353,20,1119,0.99,1
1911,353,20,1123,0.99,1
1909,353,20,1115,0.99,1
1908,353,20,1111,0.99,1
1912,353,20,1127,0.99,1
1907,353,20,1107,0.99,1
609,113,20,211,0.99,1
610,113,20,213,0.99,1
680,124,20,648,0.99,1
678,124,20,630,0.99,1
681,124,20,657,0.99,1
674,124,20,594,0.99,1
670,124,20,558,0.99,1
675,124,20,603,0.99,1
669,124,20,549,0.99,1
672,124,20,576,0.99,1
676,124,20,612,0.99,1
677,124,20,621,0.99,1
673,124,20,585,0.99,1
671,124,20,567,0.99,1
668,124,20,540,0.99,1
679,124,20,639,0.99,1
2202,405,20,2945,0.99,1
969,179,20,2375,0.99,1
964,179,20,2345,0.99,1
967,179,20,2363,0.99,1
965,179,20,2351,0.99,1
966,179,20,2357,0.99,1
970,179,20,2381,0.99,1
971,179,20,2387,0.99,1
968,179,20,2369,0.99,1
963,179,20,2339,0.99,1
80,16,21,472,0.99,1
81,16,21,474,0.99,1
79,16,21,470,0.99,1
82,16,21,476,0.99,1
1503,277,21,2132,0.99,1
1499,277,21,2108,0.99,1
1502,277,21,2126,0.99,1
1496,277,21,2090,0.99,1
1500,277,21,2114,0.99,1
1501,277,21,2120,0.99,1
1497,277,21,2096,0.99,1
1495,277,21,2084,0.99,1
1498,277,21,2102,0.99,1
198,38,21,1180,0.99,1
202,38,21,1196,0.99,1
197,38,21,1176,0.99,1
200,38,21,1188,0.99,1
201,38,21,1192,0.99,1
199,38,21,1184,0.99,1
492,90,21,3014,0.99,1
2317,90,21,986,1.98,2
2203,406,21,2946,0.99,1
2204,406,21,2947,0.99,1
1141,211,21,3459,0.99,1
1142,211,21,3461,0.99,1
1207,222,21,348,0.99,1
1210,222,21,375,0.99,1
1208,222,21,357,0.99,1
1202,222,21,303,0.99,1
1211,222,21,384,0.99,1
1206,222,21,339,0.99,1
1212,222,21,393,0.99,1
1203,222,21,312,0.99,1
1204,222,21,321,0.99,1
1209,222,21,366,0.99,1
1200,222,21,285,0.99,1
1205,222,21,330,0.99,1
1213,222,21,402,0.99,1
1201,222,21,294,0.99,1
1673,309,22,3204,1.99,1
1674,309,22,3206,1.99,1
1732,320,22,30,0.99,1
1736,320,22,66,0.99,1
1744,320,22,138,0.99,1
1739,320,22,93,0.99,1
1741,320,22,111,0.99,1
1735,320,22,57,0.99,1
1738,320,22,84,0.99,1
1742,320,22,120,0.99,1
1733,320,22,39,0.99,1
1734,320,22,48,0.99,1
1743,320,22,129,0.99,1
1745,320,22,147,0.99,1
1740,320,22,102,0.99,1
1737,320,22,75,0.99,1
494,91,22,3016,0.99,1
493,91,22,3015,0.99,1
611,114,22,215,0.99,1
614,114,22,221,0.99,1
613,114,22,219,0.99,1
612,114,22,217,0.99,1
2032,375,22,1859,0.99,1
2030,375,22,1847,0.99,1
2035,375,22,1877,0.99,1
2031,375,22,1853,0.99,1
2033,375,22,1865,0.99,1
2028,375,22,1835,0.99,1
2027,375,22,1829,0.99,1
2029,375,22,1841,0.99,1
2034,375,22,1871,0.99,1
734,136,22,941,0.99,1
730,136,22,925,0.99,1
729,136,22,921,0.99,1
733,136,22,937,0.99,1
732,136,22,933,0.99,1
731,136,22,929,0.99,1
1024,188,22,2759,0.99,1
29,5,23,162,0.99,1
22,5,23,99,0.99,1
34,5,23,207,0.99,1
32,5,23,189,0.99,1
28,5,23,153,0.99,1
30,5,23,171,0.99,1
25,5,23,126,0.99,1
27,5,23,144,0.99,1
33,5,23,198,0.99,1
23,5,23,108,0.99,1
31,5,23,180,0.99,1
35,5,23,216,0.99,1
24,5,23,117,0.99,1
26,5,23,135,0.99,1
1556,286,23,2504,0.99,1
325,60,23,1946,0.99,1
323,60,23,1934,0.99,1
320,60,23,1916,0.99,1
318,60,23,1904,0.99,1
324,60,23,1940,0.99,1
319,60,23,1910,0.99,1
322,60,23,1928,0.99,1
317,60,23,1898,0.99,1
321,60,23,1922,0.99,1
2205,407,23,2949,0.99,1
2206,407,23,2951,0.99,1
1026,189,23,2761,0.99,1
1025,189,23,2760,0.99,1
2278,212,23,3721,1.98,2
1145,212,23,3467,0.99,1
2278,212,23,3721,1.98,2
1143,212,23,3463,0.99,1
1146,212,23,3469,0.99,1
1144,212,23,3465,0.99,1
2265,212,23,2235,0.99,1
1266,234,23,686,0.99,1
1264,234,23,678,0.99,1
1261,234,23,666,0.99,1
1262,234,23,670,0.99,1
1263,234,23,674,0.99,1
1265,234,23,682,0.99,1
1557,287,24,2505,0.99,1
1558,287,24,2506,0.99,1
1676,310,24,3210,1.99,1
1675,310,24,3208,1.99,1
1677,310,24,3212,1.99,1
1678,310,24,3214,1.99,1
1794,332,24,415,0.99,1
1795,332,24,419,0.99,1
1798,332,24,431,0.99,1
1796,332,24,423,0.99,1
1793,332,24,411,0.99,1
1797,332,24,427,0.99,1
495,92,24,3018,0.99,1
496,92,24,3020,0.99,1
564,103,24,3437,0.99,1
561,103,24,3410,0.99,1
565,103,24,3446,0.99,1
567,103,24,3464,0.99,1
560,103,24,3401,0.99,1
557,103,24,3374,0.99,1
566,103,24,3455,0.99,1
555,103,24,3356,0.99,1
556,103,24,3365,0.99,1
2262,103,24,3560,1.98,2
562,103,24,3419,0.99,1
563,103,24,3428,1.99,1
554,103,24,3347,1.99,1
559,103,24,3392,0.99,1
558,103,24,3383,0.99,1
2262,103,24,3560,1.98,2
2088,384,24,2249,0.99,1
2274,384,24,2297,1.98,2
853,158,24,1667,0.99,1
851,158,24,1655,0.99,1
852,158,24,1661,0.99,1
2308,158,24,1079,0.99,1
854,158,24,1673,0.99,1
855,158,24,1679,0.99,1
856,158,24,1685,0.99,1
857,158,24,1691,0.99,1
849,158,24,1643,0.99,1
850,158,24,1649,0.99,1
1381,256,25,1388,0.99,1
1385,256,25,1412,0.99,1
1386,256,25,1418,0.99,1
1387,256,25,1424,0.99,1
2319,256,25,2926,0.99,1
1388,256,25,1430,0.99,1
1384,256,25,1406,0.99,1
1382,256,25,1394,0.99,1
1389,256,25,1436,0.99,1
1383,256,25,1400,0.99,1
88,17,25,500,0.99,1
83,17,25,480,0.99,1
86,17,25,492,0.99,1
87,17,25,496,0.99,1
84,17,25,484,0.99,1
85,17,25,488,0.99,1
378,69,25,2318,0.99,1
2089,385,25,2250,0.99,1
2090,385,25,2251,0.99,1
2210,408,25,2959,0.99,1
2208,408,25,2955,0.99,1
2207,408,25,2953,0.99,1
2209,408,25,2957,0.99,1
1028,190,25,2765,0.99,1
2292,190,25,2892,0.99,1
1027,190,25,2763,0.99,1
1089,201,25,3119,0.99,1
1096,201,25,3182,1.99,1
1087,201,25,3101,0.99,1
1093,201,25,3155,0.99,1
1088,201,25,3110,0.99,1
1097,201,25,3191,1.99,1
1086,201,25,3092,0.99,1
1095,201,25,3173,1.99,1
2256,201,25,2975,1.98,2
1090,201,25,3128,0.99,1
1094,201,25,3164,0.99,1
1092,201,25,3146,0.99,1
1091,201,25,3137,0.99,1
1098,201,25,3200,1.99,1
1099,201,25,3209,1.99,1
1560,288,26,2510,0.99,1
1559,288,26,2508,0.99,1
1618,299,26,2837,1.99,1
1627,299,26,2918,1.99,1
1626,299,26,2909,1.99,1
1629,299,26,2936,0.99,1
1620,299,26,2855,1.99,1
1624,299,26,2891,1.99,1
1619,299,26,2846,1.99,1
1625,299,26,2900,1.99,1
1628,299,26,2927,0.99,1
1631,299,26,2954,0.99,1
1622,299,26,2873,1.99,1
1623,299,26,2882,1.99,1
1630,299,26,2945,0.99,1
1621,299,26,2864,1.99,1
380,70,26,2320,0.99,1
379,70,26,2319,0.99,1
499,93,26,3026,0.99,1
500,93,26,3028,0.99,1
498,93,26,3024,0.99,1
497,93,26,3022,0.99,1
1920,354,26,1175,0.99,1
1916,354,26,1151,0.99,1
1918,354,26,1163,0.99,1
1919,354,26,1169,0.99,1
1921,354,26,1181,0.99,1
1914,354,26,1139,0.99,1
1915,354,26,1145,0.99,1
1917,354,26,1157,0.99,1
1913,354,26,1133,0.99,1
615,115,26,225,0.99,1
616,115,26,229,0.99,1
618,115,26,237,0.99,1
620,115,26,245,0.99,1
617,115,26,233,0.99,1
619,115,26,241,0.99,1
910,167,26,2063,0.99,1
1442,265,27,1808,0.99,1
205,39,27,1214,0.99,1
208,39,27,1232,0.99,1
203,39,27,1202,0.99,1
206,39,27,1220,0.99,1
207,39,27,1226,0.99,1
210,39,27,1244,0.99,1
204,39,27,1208,0.99,1
211,39,27,1250,0.99,1
209,39,27,1238,0.99,1
2092,386,27,2255,0.99,1
2091,386,27,2253,0.99,1
2296,397,27,3255,1.98,2
2160,397,27,2672,0.99,1
2162,397,27,2690,0.99,1
2163,397,27,2699,0.99,1
2150,397,27,2582,0.99,1
2161,397,27,2681,0.99,1
2159,397,27,2663,0.99,1
2152,397,27,2600,0.99,1
2158,397,27,2654,0.99,1
2153,397,27,2609,0.99,1
2151,397,27,2591,0.99,1
2154,397,27,2618,0.99,1
2156,397,27,2636,0.99,1
2157,397,27,2645,0.99,1
2155,397,27,2627,0.99,1
911,168,27,2064,0.99,1
912,168,27,2065,0.99,1
1032,191,27,2773,0.99,1
1030,191,27,2769,0.99,1
1029,191,27,2767,0.99,1
1031,191,27,2771,0.99,1
1147,213,27,3473,0.99,1
1151,213,27,3489,0.99,1
1149,213,27,3481,0.99,1
1148,213,27,3477,0.99,1
1150,213,27,3485,0.99,1
1152,213,27,3493,0.99,1
1444,266,28,1810,0.99,1
1443,266,28,1809,0.99,1
1564,289,28,2518,0.99,1
1563,289,28,2516,0.99,1
1562,289,28,2514,0.99,1
1561,289,28,2512,0.99,1
1683,311,28,3234,1.99,1
1684,311,28,3238,1.99,1
1682,311,28,3230,1.99,1
1681,311,28,3226,1.99,1
1679,311,28,3218,1.99,1
1680,311,28,3222,1.99,1
381,71,28,2322,0.99,1
382,71,28,2324,0.99,1
445,82,28,2696,0.99,1
450,82,28,2741,0.99,1
447,82,28,2714,0.99,1
448,82,28,2723,0.99,1
446,82,28,2705,0.99,1
441,82,28,2660,0.99,1
444,82,28,2687,0.99,1
442,82,28,2669,0.99,1
440,82,28,2651,0.99,1
453,82,28,2768,0.99,1
443,82,28,2678,0.99,1
449,82,28,2732,0.99,1
452,82,28,2759,0.99,1
451,82,28,2750,0.99,1
1974,363,28,1553,0.99,1
738,137,28,965,0.99,1
736,137,28,953,0.99,1
742,137,28,989,0.99,1
737,137,28,959,0.99,1
739,137,28,971,0.99,1
741,137,28,983,0.99,1
735,137,28,947,0.99,1
743,137,28,995,0.99,1
740,137,28,977,0.99,1
264,48,29,1622,0.99,1
2261,48,29,2963,1.98,2
1976,364,29,1555,0.99,1
1975,364,29,1554,0.99,1
2093,387,29,2257,0.99,1
2094,387,29,2259,0.99,1
2095,387,29,2261,0.99,1
2096,387,29,2263,0.99,1
2216,409,29,2983,0.99,1
2212,409,29,2967,0.99,1
2213,409,29,2971,0.99,1
2214,409,29,2975,0.99,1
2215,409,29,2979,0.99,1
2211,409,29,2963,0.99,1
913,169,29,2067,0.99,1
914,169,29,2069,0.99,1
984,180,29,2504,0.99,1
977,180,29,2441,0.99,1
979,180,29,2459,0.99,1
973,180,29,2405,0.99,1
974,180,29,2414,0.99,1
982,180,29,2486,0.99,1
972,180,29,2396,0.99,1
976,180,29,2432,0.99,1
980,180,29,2468,0.99,1
983,180,29,2495,0.99,1
981,180,29,2477,0.99,1
975,180,29,2423,0.99,1
978,180,29,2450,0.99,1
985,180,29,2513,0.99,1
1271,235,29,716,0.99,1
1274,235,29,734,0.99,1
1272,235,29,722,0.99,1
1275,235,29,740,0.99,1
1273,235,29,728,0.99,1
1267,235,29,692,0.99,1
1268,235,29,698,0.99,1
1270,235,29,710,0.99,1
1269,235,29,704,0.99,1
1445,267,30,1812,0.99,1
1446,267,30,1814,0.99,1
1510,278,30,2195,0.99,1
1507,278,30,2168,0.99,1
1508,278,30,2177,0.99,1
1516,278,30,2249,0.99,1
1504,278,30,2141,0.99,1
1513,278,30,2222,0.99,1
1515,278,30,2240,0.99,1
1509,278,30,2186,0.99,1
1512,278,30,2213,0.99,1
1505,278,30,2150,0.99,1
1517,278,30,2258,0.99,1
1506,278,30,2159,0.99,1
1514,278,30,2231,0.99,1
1511,278,30,2204,0.99,1
266,49,30,1624,0.99,1
265,49,30,1623,0.99,1
385,72,30,2330,0.99,1
2286,72,30,442,0.99,1
386,72,30,2332,0.99,1
384,72,30,2328,0.99,1
383,72,30,2326,0.99,1
1804,333,30,467,0.99,1
1807,333,30,485,0.99,1
1802,333,30,455,0.99,1
1801,333,30,449,0.99,1
1803,333,30,461,0.99,1
1805,333,30,473,0.99,1
1799,333,30,437,0.99,1
1800,333,30,443,0.99,1
1806,333,30,479,0.99,1
506,94,30,3052,0.99,1
501,94,30,3032,0.99,1
505,94,30,3048,0.99,1
504,94,30,3044,0.99,1
502,94,30,3036,0.99,1
503,94,30,3040,0.99,1
796,146,30,1367,0.99,1
92,18,31,524,0.99,1
94,18,31,536,0.99,1
93,18,31,530,0.99,1
90,18,31,512,0.99,1
95,18,31,542,0.99,1
97,18,31,554,0.99,1
2318,18,31,2972,1.98,2
96,18,31,548,0.99,1
89,18,31,506,0.99,1
91,18,31,518,0.99,1
1978,365,31,1559,0.99,1
1977,365,31,1557,0.99,1
2038,376,31,1904,0.99,1
2049,376,31,2003,0.99,1
2042,376,31,1940,0.99,1
2043,376,31,1949,0.99,1
2041,376,31,1931,0.99,1
2040,376,31,1922,0.99,1
2039,376,31,1913,0.99,1
2048,376,31,1994,0.99,1
2044,376,31,1958,0.99,1
2046,376,31,1976,0.99,1
2036,376,31,1886,0.99,1
2045,376,31,1967,0.99,1
2047,376,31,1985,0.99,1
2037,376,31,1895,0.99,1
798,147,31,1369,0.99,1
797,147,31,1368,0.99,1
916,170,31,2073,0.99,1
917,170,31,2075,0.99,1
915,170,31,2071,0.99,1
918,170,31,2077,0.99,1
1037,192,31,2793,0.99,1
1038,192,31,2797,0.99,1
1035,192,31,2785,0.99,1
1033,192,31,2777,0.99,1
1034,192,31,2781,0.99,1
1036,192,31,2789,0.99,1
2285,244,31,2882,0.99,1
1328,244,31,1112,0.99,1
1449,268,32,1820,0.99,1
1448,268,32,1818,0.99,1
1447,268,32,1816,0.99,1
1450,268,32,1822,0.99,1
2313,290,32,3560,0.99,1
1565,290,32,2522,0.99,1
2313,290,32,3560,0.99,1
2280,290,32,872,1.98,2
1570,290,32,2542,0.99,1
1568,290,32,2534,0.99,1
1567,290,32,2530,0.99,1
1569,290,32,2538,0.99,1
1566,290,32,2526,0.99,1
268,50,32,1628,0.99,1
267,50,32,1626,0.99,1
2306,50,32,3486,1.98,2
339,61,32,2072,0.99,1
330,61,32,1991,0.99,1
334,61,32,2027,0.99,1
337,61,32,2054,0.99,1
328,61,32,1973,0.99,1
326,61,32,1955,0.99,1
329,61,32,1982,0.99,1
338,61,32,2063,0.99,1
331,61,32,2000,0.99,1
332,61,32,2009,0.99,1
327,61,32,1964,0.99,1
335,61,32,2036,0.99,1
333,61,32,2018,0.99,1
336,61,32,2045,0.99,1
2281,342,32,1696,0.99,1
2270,342,32,67,0.99,1
1860,342,32,857,0.99,1
621,116,32,251,0.99,1
623,116,32,263,0.99,1
624,116,32,269,0.99,1
625,116,32,275,0.99,1
627,116,32,287,0.99,1
628,116,32,293,0.99,1
622,116,32,257,0.99,1
629,116,32,299,0.99,1
626,116,32,281,0.99,1
1329,245,32,1113,0.99,1
2303,245,32,2217,0.99,1
1330,245,32,1114,0.99,1
2297,245,32,833,1.98,2
150,27,33,926,0.99,1
1861,343,33,858,0.99,1
2241,343,33,610,0.99,1
1862,343,33,859,0.99,1
1982,366,33,1567,0.99,1
1979,366,33,1561,0.99,1
1981,366,33,1565,0.99,1
1980,366,33,1563,0.99,1
2099,388,33,2275,0.99,1
2097,388,33,2267,0.99,1
2102,388,33,2287,0.99,1
2101,388,33,2283,0.99,1
2098,388,33,2271,0.99,1
2100,388,33,2279,0.99,1
800,148,33,1373,0.99,1
799,148,33,1371,0.99,1
864,159,33,1754,0.99,1
858,159,33,1700,0.99,1
871,159,33,1817,0.99,1
860,159,33,1718,0.99,1
867,159,33,1781,0.99,1
869,159,33,1799,0.99,1
866,159,33,1772,0.99,1
861,159,33,1727,0.99,1
865,159,33,1763,0.99,1
859,159,33,1709,0.99,1
868,159,33,1790,0.99,1
863,159,33,1745,0.99,1
870,159,33,1808,0.99,1
862,159,33,1736,0.99,1
1160,214,33,38,0.99,1
1161,214,33,44,0.99,1
1159,214,33,32,0.99,1
1154,214,33,2,0.99,1
1158,214,33,26,0.99,1
1155,214,33,8,0.99,1
1153,214,33,3499,0.99,1
1156,214,33,14,0.99,1
1157,214,33,20,0.99,1
1395,257,34,1490,0.99,1
1397,257,34,1508,0.99,1
1396,257,34,1499,0.99,1
1400,257,34,1535,0.99,1
1399,257,34,1526,0.99,1
1390,257,34,1445,0.99,1
1394,257,34,1481,0.99,1
1402,257,34,1553,0.99,1
1392,257,34,1463,0.99,1
1398,257,34,1517,0.99,1
1403,257,34,1562,0.99,1
1391,257,34,1454,0.99,1
1393,257,34,1472,0.99,1
1401,257,34,1544,0.99,1
151,28,34,927,0.99,1
152,28,34,928,0.99,1
271,51,34,1634,0.99,1
2243,51,34,2650,0.99,1
272,51,34,1636,0.99,1
270,51,34,1632,0.99,1
269,51,34,1630,0.99,1
1692,312,34,3286,0.99,1
1690,312,34,3274,0.99,1
1693,312,34,3292,0.99,1
1688,312,34,3262,0.99,1
1686,312,34,3250,1.99,1
1685,312,34,3244,1.99,1
1687,312,34,3256,0.99,1
1691,312,34,3280,0.99,1
1689,312,34,3268,0.99,1
389,73,34,2344,0.99,1
390,73,34,2348,0.99,1
392,73,34,2356,0.99,1
387,73,34,2336,0.99,1
391,73,34,2352,0.99,1
388,73,34,2340,0.99,1
682,125,34,671,0.99,1
1331,246,34,1116,0.99,1
1332,246,34,1118,0.99,1
1863,344,35,861,0.99,1
1864,344,35,863,0.99,1
1927,355,35,1235,0.99,1
1924,355,35,1208,0.99,1
1925,355,35,1217,0.99,1
1928,355,35,1244,0.99,1
1932,355,35,1280,0.99,1
1934,355,35,1298,0.99,1
1926,355,35,1226,0.99,1
1929,355,35,1253,0.99,1
1935,355,35,1307,0.99,1
1922,355,35,1190,0.99,1
1933,355,35,1289,0.99,1
1923,355,35,1199,0.99,1
1931,355,35,1271,0.99,1
1930,355,35,1262,0.99,1
684,126,35,673,0.99,1
683,126,35,672,0.99,1
2266,126,35,1007,1.98,2
804,149,35,1381,0.99,1
801,149,35,1375,0.99,1
803,149,35,1379,0.99,1
802,149,35,1377,0.99,1
2223,410,35,3025,0.99,1
2220,410,35,3007,0.99,1
2225,410,35,3037,0.99,1
2222,410,35,3019,0.99,1
2224,410,35,3031,0.99,1
2217,410,35,2989,0.99,1
2221,410,35,3013,0.99,1
2218,410,35,2995,0.99,1
2219,410,35,3001,0.99,1
922,171,35,2093,0.99,1
920,171,35,2085,0.99,1
924,171,35,2101,0.99,1
923,171,35,2097,0.99,1
919,171,35,2081,0.99,1
921,171,35,2089,0.99,1
1214,223,35,416,0.99,1
2302,223,35,609,1.98,2
1455,269,36,1842,0.99,1
1456,269,36,1846,0.99,1
1452,269,36,1830,0.99,1
1453,269,36,1834,0.99,1
1451,269,36,1826,0.99,1
1454,269,36,1838,0.99,1
154,29,36,932,0.99,1
153,29,36,930,0.99,1
224,40,36,1367,0.99,1
212,40,36,1259,0.99,1
218,40,36,1313,0.99,1
213,40,36,1268,0.99,1
217,40,36,1304,0.99,1
214,40,36,1277,0.99,1
220,40,36,1331,0.99,1
223,40,36,1358,0.99,1
219,40,36,1322,0.99,1
221,40,36,1340,0.99,1
225,40,36,1376,0.99,1
222,40,36,1349,0.99,1
215,40,36,1286,0.99,1
216,40,36,1295,0.99,1
1746,321,36,161,0.99,1
510,95,36,3076,0.99,1
512,95,36,3088,0.99,1
511,95,36,3082,0.99,1
507,95,36,3058,0.99,1
509,95,36,3070,0.99,1
508,95,36,3064,0.99,1
513,95,36,3094,0.99,1
515,95,36,3106,0.99,1
514,95,36,3100,0.99,1
1215,224,36,417,0.99,1
1216,224,36,418,0.99,1
2290,224,36,406,1.98,2
1333,247,36,1120,0.99,1
1335,247,36,1124,0.99,1
1336,247,36,1126,0.99,1
1334,247,36,1122,0.99,1
36,6,37,230,0.99,1
1747,322,37,162,0.99,1
1748,322,37,163,0.99,1
1865,345,37,865,0.99,1
1866,345,37,867,0.99,1
1867,345,37,869,0.99,1
1868,345,37,871,0.99,1
1984,367,37,1575,0.99,1
1985,367,37,1579,0.99,1
1987,367,37,1587,0.99,1
1983,367,37,1571,0.99,1
1988,367,37,1591,0.99,1
1986,367,37,1583,0.99,1
685,127,37,675,0.99,1
686,127,37,677,0.99,1
2287,127,37,2395,0.99,1
2268,127,37,2808,1.98,2
746,138,37,1022,0.99,1
2305,138,37,325,0.99,1
755,138,37,1103,0.99,1
752,138,37,1076,0.99,1
753,138,37,1085,0.99,1
744,138,37,1004,0.99,1
748,138,37,1040,0.99,1
750,138,37,1058,0.99,1
757,138,37,1121,0.99,1
747,138,37,1031,0.99,1
751,138,37,1067,0.99,1
754,138,37,1094,0.99,1
745,138,37,1013,0.99,1
749,138,37,1049,0.99,1
756,138,37,1112,0.99,1
1047,193,37,2851,1.99,1
1042,193,37,2821,1.99,1
1043,193,37,2827,1.99,1
1044,193,37,2833,1.99,1
1046,193,37,2845,1.99,1
1039,193,37,2803,0.99,1
1045,193,37,2839,1.99,1
1040,193,37,2809,0.99,1
1041,193,37,2815,0.99,1
37,7,38,231,0.99,1
38,7,38,232,0.99,1
156,30,38,936,0.99,1
157,30,38,938,0.99,1
158,30,38,940,0.99,1
155,30,38,934,0.99,1
1571,291,38,2548,0.99,1
1573,291,38,2560,0.99,1
1578,291,38,2590,0.99,1
1577,291,38,2584,0.99,1
1574,291,38,2566,0.99,1
1576,291,38,2578,0.99,1
1575,291,38,2572,0.99,1
1572,291,38,2554,0.99,1
1579,291,38,2596,0.99,1
278,52,38,1660,0.99,1
274,52,38,1644,0.99,1
275,52,38,1648,0.99,1
273,52,38,1640,0.99,1
277,52,38,1656,0.99,1
276,52,38,1652,0.99,1
2289,52,38,415,1.98,2
568,104,38,3478,0.99,1
1218,225,38,422,0.99,1
1217,225,38,420,0.99,1
1276,236,38,749,0.99,1
1281,236,38,794,0.99,1
1287,236,38,848,0.99,1
1286,236,38,839,0.99,1
1289,236,38,866,0.99,1
1279,236,38,776,0.99,1
1283,236,38,812,0.99,1
1284,236,38,821,0.99,1
1278,236,38,767,0.99,1
1280,236,38,785,0.99,1
1277,236,38,758,0.99,1
1282,236,38,803,0.99,1
1285,236,38,830,0.99,1
1288,236,38,857,0.99,1
1750,323,39,167,0.99,1
1749,323,39,165,0.99,1
1819,334,39,593,0.99,1
1821,334,39,611,0.99,1
1812,334,39,530,0.99,1
1817,334,39,575,0.99,1
1811,334,39,521,0.99,1
1814,334,39,548,0.99,1
1808,334,39,494,0.99,1
1818,334,39,584,0.99,1
1816,334,39,566,0.99,1
1820,334,39,602,0.99,1
1809,334,39,503,0.99,1
1813,334,39,539,0.99,1
1815,334,39,557,0.99,1
1810,334,39,512,0.99,1
570,105,39,3480,0.99,1
569,105,39,3479,0.99,1
690,128,39,685,0.99,1
688,128,39,681,0.99,1
687,128,39,679,0.99,1
689,128,39,683,0.99,1
2107,389,39,2317,0.99,1
2104,389,39,2299,0.99,1
2277,389,39,1824,0.99,1
2105,389,39,2305,0.99,1
2106,389,39,2311,0.99,1
2110,389,39,2335,0.99,1
2103,389,39,2293,0.99,1
2111,389,39,2341,0.99,1
2108,389,39,2323,0.99,1
2109,389,39,2329,0.99,1
809,150,39,1401,0.99,1
806,150,39,1389,0.99,1
808,150,39,1397,0.99,1
805,150,39,1385,0.99,1
810,150,39,1405,0.99,1
807,150,39,1393,0.99,1
1100,202,39,3223,1.99,1
39,8,40,234,0.99,1
40,8,40,236,0.99,1
105,19,40,626,0.99,1
98,19,40,563,0.99,1
104,19,40,617,0.99,1
110,19,40,671,0.99,1
101,19,40,590,0.99,1
107,19,40,644,0.99,1
108,19,40,653,0.99,1
109,19,40,662,0.99,1
99,19,40,572,0.99,1
100,19,40,581,0.99,1
106,19,40,635,0.99,1
111,19,40,680,0.99,1
102,19,40,599,0.99,1
103,19,40,608,0.99,1
1632,300,40,2968,0.99,1
393,74,40,2362,0.99,1
394,74,40,2368,0.99,1
396,74,40,2380,0.99,1
397,74,40,2386,0.99,1
401,74,40,2410,0.99,1
395,74,40,2374,0.99,1
399,74,40,2398,0.99,1
400,74,40,2404,0.99,1
398,74,40,2392,0.99,1
1101,203,40,3224,1.99,1
1102,203,40,3225,0.99,1
1220,226,40,426,0.99,1
1219,226,40,424,0.99,1
1221,226,40,428,0.99,1
1222,226,40,430,0.99,1
1341,248,40,1146,0.99,1
1340,248,40,1142,0.99,1
1342,248,40,1150,0.99,1
1338,248,40,1134,0.99,1
1339,248,40,1138,0.99,1
1337,248,40,1130,0.99,1
1633,301,41,2969,0.99,1
1634,301,41,2970,0.99,1
1751,324,41,169,0.99,1
1752,324,41,171,0.99,1
1754,324,41,175,0.99,1
1753,324,41,173,0.99,1
1872,346,41,887,0.99,1
1869,346,41,875,0.99,1
1871,346,41,883,0.99,1
1870,346,41,879,0.99,1
1874,346,41,895,0.99,1
1873,346,41,891,0.99,1
571,106,41,3482,0.99,1
572,106,41,3484,0.99,1
632,117,41,326,0.99,1
641,117,41,407,0.99,1
638,117,41,380,0.99,1
636,117,41,362,0.99,1
640,117,41,398,0.99,1
635,117,41,353,0.99,1
639,117,41,389,0.99,1
634,117,41,344,0.99,1
633,117,41,335,0.99,1
643,117,41,425,0.99,1
642,117,41,416,0.99,1
630,117,41,308,0.99,1
637,117,41,371,0.99,1
631,117,41,317,0.99,1
2164,398,41,2713,0.99,1
931,172,41,2143,0.99,1
930,172,41,2137,0.99,1
925,172,41,2107,0.99,1
929,172,41,2131,0.99,1
926,172,41,2113,0.99,1
932,172,41,2149,0.99,1
928,172,41,2125,0.99,1
933,172,41,2155,0.99,1
927,172,41,2119,0.99,1
41,9,42,238,0.99,1
43,9,42,242,0.99,1
42,9,42,240,0.99,1
44,9,42,244,0.99,1
1459,270,42,1864,0.99,1
1461,270,42,1876,0.99,1
1457,270,42,1852,0.99,1
1460,270,42,1870,0.99,1
1463,270,42,1888,0.99,1
1462,270,42,1882,0.99,1
1458,270,42,1858,0.99,1
1464,270,42,1894,0.99,1
1465,270,42,1900,0.99,1
164,31,42,964,0.99,1
162,31,42,956,0.99,1
161,31,42,952,0.99,1
159,31,42,944,0.99,1
160,31,42,948,0.99,1
163,31,42,960,0.99,1
2251,83,42,3672,1.98,2
2251,83,42,3672,1.98,2
454,83,42,2782,0.99,1
2166,399,42,2715,0.99,1
2165,399,42,2714,0.99,1
1104,204,42,3229,1.99,1
2309,204,42,57,1.98,2
1103,204,42,3227,1.99,1
1173,215,42,152,0.99,1
1165,215,42,80,0.99,1
1168,215,42,107,0.99,1
1174,215,42,161,0.99,1
1166,215,42,89,0.99,1
1171,215,42,134,0.99,1
1169,215,42,116,0.99,1
1175,215,42,170,0.99,1
1170,215,42,125,0.99,1
1172,215,42,143,0.99,1
1163,215,42,62,0.99,1
1167,215,42,98,0.99,1
1162,215,42,53,0.99,1
1164,215,42,71,0.99,1
1636,302,43,2974,0.99,1
1635,302,43,2972,0.99,1
1701,313,43,3364,1.99,1
1696,313,43,3319,0.99,1
1704,313,43,3391,0.99,1
1695,313,43,3310,0.99,1
1706,313,43,3409,0.99,1
1705,313,43,3400,0.99,1
1699,313,43,3346,1.99,1
1697,313,43,3328,0.99,1
1702,313,43,3373,0.99,1
1703,313,43,3382,0.99,1
1707,313,43,3418,0.99,1
1700,313,43,3355,0.99,1
1694,313,43,3301,0.99,1
1698,313,43,3337,1.99,1
455,84,43,2783,0.99,1
456,84,43,2784,0.99,1
575,107,43,3490,0.99,1
576,107,43,3492,0.99,1
573,107,43,3486,0.99,1
574,107,43,3488,0.99,1
1996,368,43,1639,0.99,1
1992,368,43,1615,0.99,1
1991,368,43,1609,0.99,1
1997,368,43,1645,0.99,1
1993,368,43,1621,0.99,1
1995,368,43,1633,0.99,1
1990,368,43,1603,0.99,1
1989,368,43,1597,0.99,1
2293,368,43,3364,0.99,1
1994,368,43,1627,0.99,1
696,129,43,709,0.99,1
691,129,43,689,0.99,1
695,129,43,705,0.99,1
693,129,43,697,0.99,1
2254,129,43,1980,1.98,2
692,129,43,693,0.99,1
694,129,43,701,0.99,1
2304,181,43,3643,1.98,2
2304,181,43,3643,1.98,2
986,181,43,2527,0.99,1
1518,279,44,2272,0.99,1
281,53,44,1678,0.99,1
280,53,44,1672,0.99,1
286,53,44,1708,0.99,1
283,53,44,1690,0.99,1
284,53,44,1696,0.99,1
287,53,44,1714,0.99,1
279,53,44,1666,0.99,1
285,53,44,1702,0.99,1
282,53,44,1684,0.99,1
2168,400,44,2719,0.99,1
2167,400,44,2717,0.99,1
2228,411,44,3064,0.99,1
2226,411,44,3046,0.99,1
2232,411,44,3100,0.99,1
2229,411,44,3073,0.99,1
2237,411,44,3145,0.99,1
2233,411,44,3109,0.99,1
2239,411,44,3163,0.99,1
2227,411,44,3055,0.99,1
2234,411,44,3118,0.99,1
2236,411,44,3136,0.99,1
2231,411,44,3091,0.99,1
2230,411,44,3082,0.99,1
2235,411,44,3127,0.99,1
2238,411,44,3154,0.99,1
988,182,44,2529,0.99,1
987,182,44,2528,0.99,1
1105,205,44,3231,1.99,1
1106,205,44,3233,1.99,1
1107,205,44,3235,1.99,1
1108,205,44,3237,1.99,1
1226,227,44,446,0.99,1
1225,227,44,442,0.99,1
1227,227,44,450,0.99,1
1228,227,44,454,0.99,1
1223,227,44,434,0.99,1
1224,227,44,438,0.99,1
1519,280,45,2273,0.99,1
1520,280,45,2274,0.99,1
1639,303,45,2980,0.99,1
1640,303,45,2982,0.99,1
1637,303,45,2976,0.99,1
1638,303,45,2978,0.99,1
1757,325,45,187,0.99,1
1759,325,45,195,0.99,1
1756,325,45,183,0.99,1
1755,325,45,179,0.99,1
1760,325,45,199,0.99,1
1758,325,45,191,0.99,1
457,85,45,2786,0.99,1
458,85,45,2788,0.99,1
521,96,45,3160,0.99,1
528,96,45,3223,1.99,1
522,96,45,3169,1.99,1
525,96,45,3196,1.99,1
527,96,45,3214,1.99,1
523,96,45,3178,1.99,1
520,96,45,3151,0.99,1
519,96,45,3142,0.99,1
516,96,45,3115,0.99,1
526,96,45,3205,1.99,1
517,96,45,3124,0.99,1
518,96,45,3133,0.99,1
524,96,45,3187,1.99,1
529,96,45,3232,1.99,1
2050,377,45,2017,0.99,1
813,151,45,1423,0.99,1
812,151,45,1417,0.99,1
817,151,45,1447,0.99,1
819,151,45,1459,0.99,1
816,151,45,1441,0.99,1
811,151,45,1411,0.99,1
815,151,45,1435,0.99,1
814,151,45,1429,0.99,1
818,151,45,1453,0.99,1
47,10,46,256,0.99,1
45,10,46,248,0.99,1
49,10,46,264,0.99,1
46,10,46,252,0.99,1
50,10,46,268,0.99,1
48,10,46,260,0.99,1
340,62,46,2086,0.99,1
2291,62,46,885,1.98,2
2051,378,46,2018,0.99,1
2052,378,46,2019,0.99,1
2298,378,46,762,1.98,2
2170,401,46,2723,0.99,1
2169,401,46,2721,0.99,1
2172,401,46,2727,0.99,1
2171,401,46,2725,0.99,1
990,183,46,2533,0.99,1
989,183,46,2531,0.99,1
1055,194,46,2923,1.99,1
1052,194,46,2896,1.99,1
1061,194,46,2977,0.99,1
1060,194,46,2968,0.99,1
1056,194,46,2932,0.99,1
1054,194,46,2914,1.99,1
1049,194,46,2869,1.99,1
1059,194,46,2959,0.99,1
1051,194,46,2887,1.99,1
1057,194,46,2941,0.99,1
1050,194,46,2878,1.99,1
1048,194,46,2860,1.99,1
1058,194,46,2950,0.99,1
1053,194,46,2905,1.99,1
1348,249,46,1186,0.99,1
1349,249,46,1192,0.99,1
1343,249,46,1156,0.99,1
2311,249,46,3637,1.98,2
1345,249,46,1168,0.99,1
1346,249,46,1174,0.99,1
2311,249,46,3637,1.98,2
1347,249,46,1180,0.99,1
1344,249,46,1162,0.99,1
1350,249,46,1198,0.99,1
1351,249,46,1204,0.99,1
1521,281,47,2276,0.99,1
1522,281,47,2278,0.99,1
1583,292,47,2632,0.99,1
1591,292,47,2704,0.99,1
1581,292,47,2614,0.99,1
1585,292,47,2650,0.99,1
1584,292,47,2641,0.99,1
1586,292,47,2659,0.99,1
1589,292,47,2686,0.99,1
1593,292,47,2722,0.99,1
1580,292,47,2605,0.99,1
1590,292,47,2695,0.99,1
1592,292,47,2713,0.99,1
1588,292,47,2677,0.99,1
1582,292,47,2623,0.99,1
1587,292,47,2668,0.99,1
342,63,47,2088,0.99,1
341,63,47,2087,0.99,1
461,86,47,2794,0.99,1
460,86,47,2792,0.99,1
459,86,47,2790,0.99,1
462,86,47,2796,0.99,1
1875,347,47,901,0.99,1
1876,347,47,907,0.99,1
1880,347,47,931,0.99,1
1881,347,47,937,0.99,1
1877,347,47,913,0.99,1
1882,347,47,943,0.99,1
1883,347,47,949,0.99,1
1878,347,47,919,0.99,1
1879,347,47,925,0.99,1
579,108,47,1,0.99,1
581,108,47,9,0.99,1
577,108,47,3496,0.99,1
580,108,47,5,0.99,1
578,108,47,3500,0.99,1
582,108,47,13,0.99,1
872,160,47,1831,0.99,1
1404,258,48,1576,0.99,1
173,32,48,1018,0.99,1
167,32,48,982,0.99,1
171,32,48,1006,0.99,1
165,32,48,970,0.99,1
168,32,48,988,0.99,1
166,32,48,976,0.99,1
169,32,48,994,0.99,1
172,32,48,1012,0.99,1
170,32,48,1000,0.99,1
2312,379,48,1126,0.99,1
2054,379,48,2023,0.99,1
2053,379,48,2021,0.99,1
2314,379,48,2115,0.99,1
2300,390,48,2777,0.99,1
2119,390,48,2413,0.99,1
2118,390,48,2404,0.99,1
2123,390,48,2449,0.99,1
2116,390,48,2386,0.99,1
2121,390,48,2431,0.99,1
2112,390,48,2350,0.99,1
2122,390,48,2440,0.99,1
2125,390,48,2467,0.99,1
2114,390,48,2368,0.99,1
2124,390,48,2458,0.99,1
2115,390,48,2377,0.99,1
2113,390,48,2359,0.99,1
2120,390,48,2422,0.99,1
2117,390,48,2395,0.99,1
874,161,48,1833,0.99,1
873,161,48,1832,0.99,1
992,184,48,2537,0.99,1
991,184,48,2535,0.99,1
993,184,48,2539,0.99,1
994,184,48,2541,0.99,1
1111,206,48,3249,1.99,1
1112,206,48,3253,0.99,1
1109,206,48,3241,1.99,1
1110,206,48,3245,1.99,1
1113,206,48,3257,0.99,1
1114,206,48,3261,0.99,1
1406,259,49,1578,0.99,1
1405,259,49,1577,0.99,1
1525,282,49,2284,0.99,1
1524,282,49,2282,0.99,1
1526,282,49,2286,0.99,1
1523,282,49,2280,0.99,1
1643,304,49,2994,0.99,1
1645,304,49,3002,0.99,1
1644,304,49,2998,0.99,1
1642,304,49,2990,0.99,1
2249,304,49,242,1.98,2
1646,304,49,3006,0.99,1
1641,304,49,2986,0.99,1
343,64,49,2090,0.99,1
344,64,49,2092,0.99,1
406,75,49,2455,0.99,1
407,75,49,2464,0.99,1
411,75,49,2500,0.99,1
412,75,49,2509,0.99,1
404,75,49,2437,0.99,1
410,75,49,2491,0.99,1
403,75,49,2428,0.99,1
408,75,49,2473,0.99,1
409,75,49,2482,0.99,1
405,75,49,2446,0.99,1
413,75,49,2518,0.99,1
402,75,49,2419,0.99,1
414,75,49,2527,0.99,1
415,75,49,2536,0.99,1
2244,356,49,3541,1.98,2
1936,356,49,1321,0.99,1
2244,356,49,3541,1.98,2
701,130,49,739,0.99,1
697,130,49,715,0.99,1
703,130,49,751,0.99,1
698,130,49,721,0.99,1
700,130,49,733,0.99,1
704,130,49,757,0.99,1
705,130,49,763,0.99,1
699,130,49,727,0.99,1
702,130,49,745,0.99,1
226,41,50,1390,0.99,1
1937,357,50,1322,0.99,1
1938,357,50,1323,0.99,1
2056,380,50,2027,0.99,1
2057,380,50,2029,0.99,1
2055,380,50,2025,0.99,1
2058,380,50,2031,0.99,1
2173,402,50,2731,0.99,1
2175,402,50,2739,0.99,1
2177,402,50,2747,0.99,1
2174,402,50,2735,0.99,1
2176,402,50,2743,0.99,1
2178,402,50,2751,0.99,1
876,162,50,1837,0.99,1
875,162,50,1835,0.99,1
940,173,50,2218,0.99,1
937,173,50,2191,0.99,1
943,173,50,2245,0.99,1
942,173,50,2236,0.99,1
947,173,50,2281,0.99,1
944,173,50,2254,0.99,1
935,173,50,2173,0.99,1
941,173,50,2227,0.99,1
936,173,50,2182,0.99,1
934,173,50,2164,0.99,1
939,173,50,2209,0.99,1
938,173,50,2200,0.99,1
945,173,50,2263,0.99,1
946,173,50,2272,0.99,1
1234,228,50,490,0.99,1
1232,228,50,478,0.99,1
1235,228,50,496,0.99,1
1230,228,50,466,0.99,1
1236,228,50,502,0.99,1
1233,228,50,484,0.99,1
1231,228,50,472,0.99,1
1229,228,50,460,0.99,1
2242,228,50,1013,1.98,2
1237,228,50,508,0.99,1
1407,260,51,1580,0.99,1
1408,260,51,1582,0.99,1
1479,271,51,2026,0.99,1
1476,271,51,1999,0.99,1
1469,271,51,1936,0.99,1
1478,271,51,2017,0.99,1
1466,271,51,1909,0.99,1
1475,271,51,1990,0.99,1
1467,271,51,1918,0.99,1
1468,271,51,1927,0.99,1
1472,271,51,1963,0.99,1
1474,271,51,1981,0.99,1
1477,271,51,2008,0.99,1
1471,271,51,1954,0.99,1
1470,271,51,1945,0.99,1
1473,271,51,1972,0.99,1
228,42,51,1392,0.99,1
227,42,51,1391,0.99,1
347,65,51,2098,0.99,1
345,65,51,2094,0.99,1
348,65,51,2100,0.99,1
346,65,51,2096,0.99,1
1766,326,51,235,0.99,1
1761,326,51,205,0.99,1
1765,326,51,229,0.99,1
1764,326,51,223,0.99,1
1769,326,51,253,0.99,1
1763,326,51,217,0.99,1
1767,326,51,241,0.99,1
1768,326,51,247,0.99,1
1762,326,51,211,0.99,1
463,87,51,2800,0.99,1
468,87,51,2820,1.99,1
464,87,51,2804,0.99,1
465,87,51,2808,0.99,1
467,87,51,2816,0.99,1
466,87,51,2812,0.99,1
758,139,51,1135,0.99,1
55,11,52,298,0.99,1
59,11,52,322,0.99,1
53,11,52,286,0.99,1
56,11,52,304,0.99,1
54,11,52,292,0.99,1
52,11,52,280,0.99,1
51,11,52,274,0.99,1
57,11,52,310,0.99,1
58,11,52,316,0.99,1
1939,358,52,1325,0.99,1
1940,358,52,1327,0.99,1
2011,369,52,1771,0.99,1
2004,369,52,1708,0.99,1
1999,369,52,1663,0.99,1
2005,369,52,1717,0.99,1
2006,369,52,1726,0.99,1
2000,369,52,1672,0.99,1
2007,369,52,1735,0.99,1
2010,369,52,1762,0.99,1
2002,369,52,1690,0.99,1
2008,369,52,1744,0.99,1
2001,369,52,1681,0.99,1
2003,369,52,1699,0.99,1
1998,369,52,1654,0.99,1
2009,369,52,1753,0.99,1
759,140,52,1136,0.99,1
760,140,52,1137,0.99,1
880,163,52,1845,0.99,1
878,163,52,1841,0.99,1
879,163,52,1843,0.99,1
877,163,52,1839,0.99,1
999,185,52,2561,0.99,1
997,185,52,2553,0.99,1
2307,185,52,3124,1.98,2
1000,185,52,2565,0.99,1
998,185,52,2557,0.99,1
995,185,52,2545,0.99,1
996,185,52,2549,0.99,1
2264,237,52,414,0.99,1
1290,237,52,880,0.99,1
1410,261,53,1586,0.99,1
1409,261,53,1584,0.99,1
1411,261,53,1588,0.99,1
1412,261,53,1590,0.99,1
1530,283,53,2302,0.99,1
1531,283,53,2306,0.99,1
1527,283,53,2290,0.99,1
1528,283,53,2294,0.99,1
1532,283,53,2310,0.99,1
1529,283,53,2298,0.99,1
230,43,53,1396,0.99,1
229,43,53,1394,0.99,1
292,54,53,1759,0.99,1
296,54,53,1795,0.99,1
299,54,53,1822,0.99,1
298,54,53,1813,0.99,1
288,54,53,1723,0.99,1
300,54,53,1831,0.99,1
295,54,53,1786,0.99,1
293,54,53,1768,0.99,1
301,54,53,1840,0.99,1
291,54,53,1750,0.99,1
289,54,53,1732,0.99,1
290,54,53,1741,0.99,1
294,54,53,1777,0.99,1
297,54,53,1804,0.99,1
1822,335,53,625,0.99,1
591,109,53,67,0.99,1
586,109,53,37,0.99,1
590,109,53,61,0.99,1
583,109,53,19,0.99,1
588,109,53,49,0.99,1
585,109,53,31,0.99,1
589,109,53,55,0.99,1
587,109,53,43,0.99,1
584,109,53,25,0.99,1
1291,238,53,881,0.99,1
1292,238,53,882,0.99,1
112,20,54,694,0.99,1
1823,336,54,626,0.99,1
1824,336,54,627,0.99,1
1943,359,54,1333,0.99,1
1944,359,54,1335,0.99,1
1942,359,54,1331,0.99,1
1941,359,54,1329,0.99,1
2062,381,54,2047,0.99,1
2060,381,54,2039,0.99,1
2061,381,54,2043,0.99,1
2063,381,54,2051,0.99,1
2059,381,54,2035,0.99,1
2064,381,54,2055,0.99,1
761,141,54,1139,0.99,1
762,141,54,1141,0.99,1
832,152,54,1576,0.99,1
820,152,54,1468,0.99,1
824,152,54,1504,0.99,1
827,152,54,1531,0.99,1
833,152,54,1585,0.99,1
825,152,54,1513,0.99,1
831,152,54,1567,0.99,1
828,152,54,1540,0.99,1
829,152,54,1549,0.99,1
826,152,54,1522,0.99,1
821,152,54,1477,0.99,1
823,152,54,1495,0.99,1
830,152,54,1558,0.99,1
822,152,54,1486,0.99,1
1115,207,54,3267,0.99,1
1119,207,54,3291,0.99,1
1122,207,54,3309,0.99,1
1118,207,54,3285,0.99,1
1121,207,54,3303,0.99,1
1120,207,54,3297,0.99,1
1116,207,54,3273,0.99,1
1123,207,54,3315,0.99,1
1117,207,54,3279,0.99,1
113,21,55,695,0.99,1
114,21,55,696,0.99,1
232,44,55,1400,0.99,1
231,44,55,1398,0.99,1
234,44,55,1404,0.99,1
233,44,55,1402,0.99,1
1654,305,55,3054,0.99,1
1652,305,55,3042,0.99,1
1649,305,55,3024,0.99,1
1653,305,55,3048,0.99,1
1655,305,55,3060,0.99,1
1651,305,55,3036,0.99,1
1647,305,55,3012,0.99,1
1648,305,55,3018,0.99,1
1650,305,55,3030,0.99,1
351,66,55,2112,0.99,1
352,66,55,2116,0.99,1
349,66,55,2104,0.99,1
354,66,55,2124,0.99,1
350,66,55,2108,0.99,1
353,66,55,2120,0.99,1
644,118,55,439,0.99,1
2246,118,55,1032,0.99,1
1294,239,55,886,0.99,1
1293,239,55,884,0.99,1
2269,239,55,3399,1.98,2
1360,250,55,1285,0.99,1
1363,250,55,1312,0.99,1
1365,250,55,1330,0.99,1
1357,250,55,1258,0.99,1
1361,250,55,1294,0.99,1
1355,250,55,1240,0.99,1
1356,250,55,1249,0.99,1
1362,250,55,1303,0.99,1
1364,250,55,1321,0.99,1
1352,250,55,1213,0.99,1
1358,250,55,1267,0.99,1
1354,250,55,1231,0.99,1
1353,250,55,1222,0.99,1
1359,250,55,1276,0.99,1
1825,337,56,629,0.99,1
1826,337,56,631,0.99,1
1889,348,56,1003,0.99,1
1896,348,56,1066,0.99,1
1892,348,56,1030,0.99,1
1894,348,56,1048,0.99,1
1897,348,56,1075,0.99,1
1895,348,56,1057,0.99,1
1884,348,56,958,0.99,1
1890,348,56,1012,0.99,1
1888,348,56,994,0.99,1
1891,348,56,1021,0.99,1
1886,348,56,976,0.99,1
1887,348,56,985,0.99,1
1893,348,56,1039,0.99,1
1885,348,56,967,0.99,1
645,119,56,440,0.99,1
646,119,56,441,0.99,1
765,142,56,1147,0.99,1
763,142,56,1143,0.99,1
764,142,56,1145,0.99,1
766,142,56,1149,0.99,1
2185,403,56,2793,0.99,1
2181,403,56,2769,0.99,1
2179,403,56,2757,0.99,1
2182,403,56,2775,0.99,1
2184,403,56,2787,0.99,1
2187,403,56,2805,0.99,1
2180,403,56,2763,0.99,1
2186,403,56,2799,0.99,1
2183,403,56,2781,0.99,1
882,164,56,1853,0.99,1
886,164,56,1869,0.99,1
885,164,56,1865,0.99,1
883,164,56,1857,0.99,1
881,164,56,1849,0.99,1
884,164,56,1861,0.99,1
2301,164,56,175,0.99,1
1176,216,56,184,0.99,1
1414,262,57,1598,0.99,1
1417,262,57,1610,0.99,1
1413,262,57,1594,0.99,1
1415,262,57,1602,0.99,1
1418,262,57,1614,0.99,1
1416,262,57,1606,0.99,1
116,22,57,700,0.99,1
115,22,57,698,0.99,1
174,33,57,1027,0.99,1
187,33,57,1144,0.99,1
177,33,57,1054,0.99,1
179,33,57,1072,0.99,1
184,33,57,1117,0.99,1
180,33,57,1081,0.99,1
185,33,57,1126,0.99,1
186,33,57,1135,0.99,1
178,33,57,1063,0.99,1
183,33,57,1108,0.99,1
182,33,57,1099,0.99,1
181,33,57,1090,0.99,1
176,33,57,1045,0.99,1
175,33,57,1036,0.99,1
1708,314,57,3432,0.99,1
470,88,57,2832,1.99,1
474,88,57,2856,1.99,1
475,88,57,2862,1.99,1
476,88,57,2868,1.99,1
473,88,57,2850,1.99,1
471,88,57,2838,1.99,1
2257,88,57,1215,0.99,1
472,88,57,2844,1.99,1
477,88,57,2874,1.99,1
469,88,57,2826,1.99,1
2252,217,57,1575,1.98,2
1178,217,57,186,0.99,1
1177,217,57,185,0.99,1
1296,240,57,890,0.99,1
1295,240,57,888,0.99,1
1297,240,57,892,0.99,1
1298,240,57,894,0.99,1
1709,315,58,3433,0.99,1
1710,315,58,3434,0.99,1
1830,338,58,639,0.99,1
1828,338,58,635,0.99,1
1827,338,58,633,0.99,1
1829,338,58,637,0.99,1
1945,360,58,1339,0.99,1
1948,360,58,1351,0.99,1
1949,360,58,1355,0.99,1
1947,360,58,1347,0.99,1
1950,360,58,1359,0.99,1
1946,360,58,1343,0.99,1
647,120,58,443,0.99,1
648,120,58,445,0.99,1
706,131,58,772,0.99,1
707,131,58,781,0.99,1
716,131,58,862,0.99,1
713,131,58,835,0.99,1
717,131,58,871,0.99,1
712,131,58,826,0.99,1
708,131,58,790,0.99,1
709,131,58,799,0.99,1
710,131,58,808,0.99,1
719,131,58,889,0.99,1
715,131,58,853,0.99,1
711,131,58,817,0.99,1
718,131,58,880,0.99,1
714,131,58,844,0.99,1
2247,412,58,2241,1.98,2
2240,412,58,3177,1.99,1
1008,186,58,2613,0.99,1
1007,186,58,2607,0.99,1
1001,186,58,2571,0.99,1
1003,186,58,2583,0.99,1
1005,186,58,2595,0.99,1
1004,186,58,2589,0.99,1
1002,186,58,2577,0.99,1
1009,186,58,2619,0.99,1
1006,186,58,2601,0.99,1
119,23,59,706,0.99,1
2316,23,59,546,0.99,1
120,23,59,708,0.99,1
118,23,59,704,0.99,1
117,23,59,702,0.99,1
1538,284,59,2346,0.99,1
1541,284,59,2364,0.99,1
1534,284,59,2322,0.99,1
1537,284,59,2340,0.99,1
1535,284,59,2328,0.99,1
1533,284,59,2316,0.99,1
1536,284,59,2334,0.99,1
1540,284,59,2358,0.99,1
1539,284,59,2352,0.99,1
240,45,59,1428,0.99,1
239,45,59,1424,0.99,1
235,45,59,1408,0.99,1
236,45,59,1412,0.99,1
237,45,59,1416,0.99,1
238,45,59,1420,0.99,1
530,97,59,3246,1.99,1
2248,97,59,269,1.98,2
2267,218,59,2983,1.98,2
1179,218,59,188,0.99,1
1180,218,59,190,0.99,1
2283,218,59,2004,0.99,1
1247,229,59,598,0.99,1
1244,229,59,571,0.99,1
1241,229,59,544,0.99,1
1243,229,59,562,0.99,1
1251,229,59,634,0.99,1
1238,229,59,517,0.99,1
1240,229,59,535,0.99,1
1239,229,59,526,0.99,1
1242,229,59,553,0.99,1
1246,229,59,589,0.99,1
1249,229,59,616,0.99,1
1250,229,59,625,0.99,1
1245,229,59,580,0.99,1
1248,229,59,607,0.99,1